,dir_name,old_fname,new_fname,old_string,new_string
0,/glade/scratch/negins/ctsm_0110/src/main,column_varcon.F90,ctsm_ColumnVarCon.F90,column_varcon,ctsm_ColumnVarCon
1,/glade/scratch/negins/ctsm_0110/src/main,initGridCellsMod.F90,ctsm_InitGridCells.F90,initGridCellsMod,ctsm_InitGridCells
2,/glade/scratch/negins/ctsm_0110/src/main,clm_varsur.F90,ctsm_VarSur.F90,clm_varsur,ctsm_VarSur
3,/glade/scratch/negins/ctsm_0110/src/main,clm_varpar.F90,ctsm_VarPar.F90,clm_varpar,ctsm_VarPar
4,/glade/scratch/negins/ctsm_0110/src/main,filterColMod.F90,ctsm_FilterCol.F90,filterColMod,ctsm_FilterCol
5,/glade/scratch/negins/ctsm_0110/src/main,GetGlobalValuesMod.F90,ctsm_GetGlobalValues.F90,GetGlobalValuesMod,ctsm_GetGlobalValues
6,/glade/scratch/negins/ctsm_0110/src/main,restFileMod.F90,ctsm_RestFile.F90,restFileMod,ctsm_RestFile
7,/glade/scratch/negins/ctsm_0110/src/main,accumulMod.F90,ctsm_Accumul.F90,accumulMod,ctsm_Accumul
8,/glade/scratch/negins/ctsm_0110/src/main,clm_driver.F90,ctsm_Driver.F90,clm_driver,ctsm_Driver
9,/glade/scratch/negins/ctsm_0110/src/main,LandunitType.F90,ctsm_LandunitType.F90,LandunitType,ctsm_LandunitType
10,/glade/scratch/negins/ctsm_0110/src/main,ColumnType.F90,ctsm_ColumnType.F90,ColumnType,ctsm_ColumnType
11,/glade/scratch/negins/ctsm_0110/src/main,subgridMod.F90,ctsm_Subgrid.F90,subgridMod,ctsm_Subgrid
12,/glade/scratch/negins/ctsm_0110/src/main,decompMod.F90,ctsm_Decomp.F90,decompMod,ctsm_Decomp
13,/glade/scratch/negins/ctsm_0110/src/main,subgridWeightsMod.F90,ctsm_SubgridWeights.F90,subgridWeightsMod,ctsm_SubgridWeights
14,/glade/scratch/negins/ctsm_0110/src/main,FuncPedotransferMod.F90,ctsm_FuncPedotransfer.F90,FuncPedotransferMod,ctsm_FuncPedotransfer
15,/glade/scratch/negins/ctsm_0110/src/main,glc2lndMod.F90,ctsm_Glc2Lnd.F90,glc2lndMod,ctsm_Glc2Lnd
16,/glade/scratch/negins/ctsm_0110/src/main,clm_varcon.F90,ctsm_VarCon.F90,clm_varcon,ctsm_VarCon
17,/glade/scratch/negins/ctsm_0110/src/main,lnd2atmType.F90,ctsm_Lnd2AtmType.F90,lnd2atmType,ctsm_Lnd2AtmType
18,/glade/scratch/negins/ctsm_0110/src/main,subgridAveMod.F90,ctsm_SubgridAve.F90,subgridAveMod,ctsm_SubgridAve
19,/glade/scratch/negins/ctsm_0110/src/main,landunit_varcon.F90,ctsm_LandunitVarCon.F90,landunit_varcon,ctsm_LandunitVarCon
20,/glade/scratch/negins/ctsm_0110/src/main,atm2lndType.F90,ctsm_Atm2LndType.F90,atm2lndType,ctsm_Atm2LndType
21,/glade/scratch/negins/ctsm_0110/src/main,filterMod.F90,ctsm_Filter.F90,filterMod,ctsm_Filter
22,/glade/scratch/negins/ctsm_0110/src/main,readParamsMod.F90,ctsm_ReadParams.F90,readParamsMod,ctsm_ReadParams
23,/glade/scratch/negins/ctsm_0110/src/main,init_hydrology.F90,ctsm_InitHydrology.F90,init_hydrology,ctsm_InitHydrology
24,/glade/scratch/negins/ctsm_0110/src/main,clm_initializeMod.F90,ctsm_Initialize.F90,clm_initializeMod,ctsm_Initialize
25,/glade/scratch/negins/ctsm_0110/src/main,TopoMod.F90,ctsm_Topo.F90,TopoMod,ctsm_Topo
26,/glade/scratch/negins/ctsm_0110/src/main,surfrdMod.F90,ctsm_SurfRead.F90,surfrdMod,ctsm_SurfRead
27,/glade/scratch/negins/ctsm_0110/src/main,decompInitMod.F90,ctsm_DecompInit.F90,decompInitMod,ctsm_DecompInit
28,/glade/scratch/negins/ctsm_0110/src/main,lnd2glcMod.F90,ctsm_Lnd2Glc.F90,lnd2glcMod,ctsm_Lnd2Glc
29,/glade/scratch/negins/ctsm_0110/src/main,subgridRestMod.F90,ctsm_SubgridRest.F90,subgridRestMod,ctsm_SubgridRest
30,/glade/scratch/negins/ctsm_0110/src/main,clm_varctl.F90,ctsm_VarCtl.F90,clm_varctl,ctsm_VarCtl
31,/glade/scratch/negins/ctsm_0110/src/main,pftconMod.F90,ctsm_PftCon.F90,pftconMod,ctsm_PftCon
32,/glade/scratch/negins/ctsm_0110/src/main,lnd2atmMod.F90,ctsm_Lnd2Atm.F90,lnd2atmMod,ctsm_Lnd2Atm
33,/glade/scratch/negins/ctsm_0110/src/main,PatchType.F90,ctsm_PatchType.F90,PatchType,ctsm_PatchType
34,/glade/scratch/negins/ctsm_0110/src/main,initVerticalMod.F90,ctsm_InitVertical.F90,initVerticalMod,ctsm_InitVertical
35,/glade/scratch/negins/ctsm_0110/src/main,organicFileMod.F90,ctsm_OrganicFile.F90,organicFileMod,ctsm_OrganicFile
36,/glade/scratch/negins/ctsm_0110/src/main,ndepStreamMod.F90,ctsm_NDepStream.F90,ndepStreamMod,ctsm_NDepStream
37,/glade/scratch/negins/ctsm_0110/src/main,abortutils.F90,ctsm_AbortUtils.F90,abortutils,ctsm_AbortUtils
38,/glade/scratch/negins/ctsm_0110/src/main,controlMod.F90,ctsm_Control.F90,controlMod,ctsm_Control
39,/glade/scratch/negins/ctsm_0110/src/main,clm_instMod.F90,ctsm_Inst.F90,clm_instMod,ctsm_Inst
40,/glade/scratch/negins/ctsm_0110/src/main,paramUtilMod.F90,ctsm_ParamUtil.F90,paramUtilMod,ctsm_ParamUtil
41,/glade/scratch/negins/ctsm_0110/src/main,glcBehaviorMod.F90,ctsm_GlcBehavior.F90,glcBehaviorMod,ctsm_GlcBehavior
42,/glade/scratch/negins/ctsm_0110/src/main,surfrdUtilsMod.F90,ctsm_SurfReadUtils.F90,surfrdUtilsMod,ctsm_SurfReadUtils
43,/glade/scratch/negins/ctsm_0110/src/main,initSubgridMod.F90,ctsm_InitSubgrid.F90,initSubgridMod,ctsm_InitSubgrid
44,/glade/scratch/negins/ctsm_0110/src/main,histFileMod.F90,ctsm_HistFile.F90,histFileMod,ctsm_HistFile
45,/glade/scratch/negins/ctsm_0110/src/main,reweightMod.F90,ctsm_Reweight.F90,reweightMod,ctsm_Reweight
46,/glade/scratch/negins/ctsm_0110/src/main,atm2lndMod.F90,ctsm_Atm2Lnd.F90,atm2lndMod,ctsm_Atm2Lnd
47,/glade/scratch/negins/ctsm_0110/src/main,ncdio_utils.F90,ctsm_NcdIoUtils.F90,ncdio_utils,ctsm_NcdIoUtils.F90
48,/glade/scratch/negins/ctsm_0110/src/main,GridcellType.F90,ctsm_GridcellType.F90,GridcellType,ctsm_GridcellType
49,/glade/scratch/negins/ctsm_0110/src/cpl/mct,clm_cpl_indices.F90,clm_cpl_indices.F90,clm_cpl_indices,clm_cpl_indices
50,/glade/scratch/negins/ctsm_0110/src/cpl/mct,lnd_import_export.F90,lnd_import_export.F90,lnd_import_export,lnd_import_export
51,/glade/scratch/negins/ctsm_0110/src/cpl/mct,lnd_comp_mct.F90,lnd_comp_mct.F90,lnd_comp_mct,lnd_comp_mct
52,/glade/scratch/negins/ctsm_0110/src/cpl/nuopc,lnd_import_export.F90,lnd_import_export.F90,lnd_import_export,lnd_import_export
53,/glade/scratch/negins/ctsm_0110/src/cpl/nuopc,lnd_shr_methods.F90,lnd_shr_methods.F90,lnd_shr_methods,lnd_shr_methods
54,/glade/scratch/negins/ctsm_0110/src/cpl/nuopc,lnd_comp_nuopc.F90,lnd_comp_nuopc.F90,lnd_comp_nuopc,lnd_comp_nuopc
55,/glade/scratch/negins/ctsm_0110/src/unit_test_stubs/main,GetGlobalValuesMod_stub.F90,ctsm_GetGlobalValuesStub.F90,GetGlobalValuesMod_stub,ctsm_GetGlobalValuesStub
56,/glade/scratch/negins/ctsm_0110/src/unit_test_stubs/main,histFileMod_stub.F90,ctsm_HistFileStub.F90,histFileMod_stub,ctsm_HistFileStub
57,/glade/scratch/negins/ctsm_0110/src/unit_test_stubs/main,ncdio_dim.F90,ctsm_NcdIoDim.F90,ncdio_dim,ctsm_NcdIoDim
58,/glade/scratch/negins/ctsm_0110/src/unit_test_stubs/csm_share,seq_comm_mct.F90,ctsm_SeqCommMct.F90,seq_comm_mct,ctsm_SeqCommMct
59,/glade/scratch/negins/ctsm_0110/src/unit_test_stubs/csm_share,shr_mpi_mod_stub.F90,ctsm_ShrMpiStub.F90,shr_mpi_mod_stub,ctsm_ShrMpiStub
60,/glade/scratch/negins/ctsm_0110/src/unit_test_stubs/csm_share,mct_mod_stub.F90,ctsm_MctStub.F90,mct_mod_stub,ctsm_MctStub
61,/glade/scratch/negins/ctsm_0110/src/unit_test_stubs/utils,clmfates_paraminterfaceMod_stub.F90,ctsm_FatesParamInterfaceStub.F90,clmfates_paraminterfaceMod_stub,ctsm_FatesParamInterfaceStub
62,/glade/scratch/negins/ctsm_0110/src/unit_test_stubs/utils,spmdMod_stub.F90,ctsm_SpmdStub.F90,spmdMod_stub,ctsm_SpmdStub
63,/glade/scratch/negins/ctsm_0110/src/unit_test_stubs/dyn_subgrid,dynFileMod_stub.F90,ctsm_DynFileStub.F90,dynFileMod_stub,ctsm_SpmdStub
64,/glade/scratch/negins/ctsm_0110/src/utils,NumericsMod.F90,ctsm_Numerics.F90,NumericsMod,ctsm_Numerics
65,/glade/scratch/negins/ctsm_0110/src/utils,clm_time_manager.F90,ctsm_TimeManager.F90,clm_time_manager,ctsm_TimeManager
66,/glade/scratch/negins/ctsm_0110/src/utils,IssueFixedMetadataHandler.F90,ctsm_IssueFixedMetadataHandler.F90,IssueFixedMetadataHandler,ctsm_IssueFixedMetadataHandler
67,/glade/scratch/negins/ctsm_0110/src/utils,SimpleMathMod.F90,ctsm_SimpleMath.F90,SimpleMathMod,ctsm_SimpleMath
68,/glade/scratch/negins/ctsm_0110/src/utils,clm_varorb.F90,ctsm_VarOrb.F90,clm_varorb,ctsm_VarOrb
69,/glade/scratch/negins/ctsm_0110/src/utils,getdatetime.F90,ctsm_GetDateTime.F90,getdatetime,ctsm_GetDateTime
70,/glade/scratch/negins/ctsm_0110/src/utils,spmdMod.F90,ctsm_Spmd.F90,spmdMod,ctsm_Spmd
71,/glade/scratch/negins/ctsm_0110/src/utils,clm_nlUtilsMod.F90,ctsm_NlUtils.F90,clm_nlUtilsMod,ctsm_NlUtils
72,/glade/scratch/negins/ctsm_0110/src/utils,AnnualFluxDribbler.F90,ctsm_AnnualFluxDribbler.F90,AnnualFluxDribbler,ctsm_AnnualFluxDribbler
73,/glade/scratch/negins/ctsm_0110/src/utils,domainMod.F90,ctsm_Domain.F90,domainMod,ctsm_Domain
74,/glade/scratch/negins/ctsm_0110/src/utils,clmfates_paraminterfaceMod.F90,ctsm_FatesParamInterface.F90,clmfates_paraminterfaceMod,ctsm_FatesParamInterface
75,/glade/scratch/negins/ctsm_0110/src/utils,fileutils.F90,ctsm_FileUtils.F90,fileutils,ctsm_FileUtils
76,/glade/scratch/negins/ctsm_0110/src/utils,quadraticMod.F90,ctsm_Quadratic.F90,quadraticMod,ctsm_Quadratic
77,/glade/scratch/negins/ctsm_0110/src/utils,clmfates_interfaceMod.F90,ctsm_FatesInterface.F90,clmfates_interfaceMod,ctsm_FatesInterface
78,/glade/scratch/negins/ctsm_0110/src/utils,spmdGathScatMod.F90,ctsm_SpmdGathScat.F90,spmdGathScatMod,ctsm_SpmdGathScat
79,/glade/scratch/negins/ctsm_0110/src/soilbiogeochem,SoilBiogeochemNStateUpdate1Mod.F90,ctsm_SoilBiogeochemNStateUpdate1.F90,SoilBiogeochemNStateUpdate1Mod,ctsm_SoilBiogeochemNStateUpdate1
80,/glade/scratch/negins/ctsm_0110/src/soilbiogeochem,SoilBiogeochemNitrifDenitrifMod.F90,ctsm_SoilBiogeochemNitrifDenitrif.F90,SoilBiogeochemNitrifDenitrifMod,ctsm_SoilBiogeochemNitrifDenitrif
81,/glade/scratch/negins/ctsm_0110/src/soilbiogeochem,SoilBiogeochemCompetitionMod.F90,ctsm_SoilBiogeochemCompetition.F90,SoilBiogeochemCompetitionMod,ctsm_SoilBiogeochemCompetition
82,/glade/scratch/negins/ctsm_0110/src/soilbiogeochem,SoilBiogeochemPotentialMod.F90,ctsm_SoilBiogeochemPotential.F90,SoilBiogeochemPotentialMod,ctsm_SoilBiogeochemPotential
83,/glade/scratch/negins/ctsm_0110/src/soilbiogeochem,SoilBiogeochemDecompCascadeBGCMod.F90,ctsm_SoilBiogeochemDecompCascadeBGC.F90,SoilBiogeochemDecompCascadeBGCMod,ctsm_SoilBiogeochemDecompCascadeBGC
84,/glade/scratch/negins/ctsm_0110/src/soilbiogeochem,SoilBiogeochemStateType.F90,ctsm_SoilBiogeochemStateType.F90,SoilBiogeochemStateType,ctsm_SoilBiogeochemStateType
85,/glade/scratch/negins/ctsm_0110/src/soilbiogeochem,SoilBiogeochemDecompCascadeConType.F90,ctsm_SoilBiogeochemDecompCascadeConType.F90,SoilBiogeochemDecompCascadeConType,ctsm_SoilBiogeochemDecompCascadeConType
86,/glade/scratch/negins/ctsm_0110/src/soilbiogeochem,SoilBiogeochemCarbonStateType.F90,ctsm_SoilBiogeochemCarbonStateType.F90,SoilBiogeochemCarbonStateType,ctsm_SoilBiogeochemCarbonStateType
87,/glade/scratch/negins/ctsm_0110/src/soilbiogeochem,SoilBiogeochemLittVertTranspMod.F90,ctsm_SoilBiogeochemLittVertTransp.F90,SoilBiogeochemLittVertTranspMod,ctsm_SoilBiogeochemLittVertTransp
88,/glade/scratch/negins/ctsm_0110/src/soilbiogeochem,SoilBiogeochemPrecisionControlMod.F90,ctsm_SoilBiogeochemPrecisionControl.F90,SoilBiogeochemPrecisionControlMod,ctsm_SoilBiogeochemPrecisionControl
89,/glade/scratch/negins/ctsm_0110/src/soilbiogeochem,SoilBiogeochemNLeachingMod.F90,ctsm_SoilBiogeochemNLeaching.F90,SoilBiogeochemNLeachingMod,ctsm_SoilBiogeochemNLeaching
90,/glade/scratch/negins/ctsm_0110/src/soilbiogeochem,SoilBiogeochemNitrogenFluxType.F90,ctsm_SoilBiogeochemNitrogenFluxType.F90,SoilBiogeochemNitrogenFluxType,ctsm_SoilBiogeochemNitrogenFluxType
91,/glade/scratch/negins/ctsm_0110/src/soilbiogeochem,SoilBiogeochemDecompCascadeCNMod.F90,ctsm_SoilBiogeochemDecompCascadeCN.F90,SoilBiogeochemDecompCascadeCNMod,ctsm_SoilBiogeochemDecompCascadeCN
92,/glade/scratch/negins/ctsm_0110/src/soilbiogeochem,SoilBiogeochemCarbonFluxType.F90,ctsm_SoilBiogeochemCarbonFluxType.F90,SoilBiogeochemCarbonFluxType,ctsm_SoilBiogeochemCarbonFluxType
93,/glade/scratch/negins/ctsm_0110/src/soilbiogeochem,SoilBiogeochemNitrogenUptakeMod.F90,ctsm_SoilBiogeochemNitrogenUptake.F90,SoilBiogeochemNitrogenUptakeMod,ctsm_SoilBiogeochemNitrogenUptake
94,/glade/scratch/negins/ctsm_0110/src/soilbiogeochem,SoilBiogeochemNitrogenStateType.F90,ctsm_SoilBiogeochemNitrogenStateType.F90,SoilBiogeochemNitrogenStateType,ctsm_SoilBiogeochemNitrogenStateType
95,/glade/scratch/negins/ctsm_0110/src/soilbiogeochem,SoilBiogeochemDecompMod.F90,ctsm_SoilBiogeochemDecomp.F90,SoilBiogeochemDecompMod,ctsm_SoilBiogeochemDecomp
96,/glade/scratch/negins/ctsm_0110/src/soilbiogeochem,SoilBiogeochemVerticalProfileMod.F90,ctsm_SoilBiogeochemVerticalProfile.F90,SoilBiogeochemVerticalProfileMod,ctsm_SoilBiogeochemVerticalProfile
97,/glade/scratch/negins/ctsm_0110/src/unit_test_shr,unittestSimpleSubgridSetupsMod.F90,ctsm_UnitTestSimpleSubgridSetups.F90,unittestSimpleSubgridSetupsMod,ctsm_UnittestSimpleSubgridSetups
98,/glade/scratch/negins/ctsm_0110/src/unit_test_shr,unittestFilterBuilderMod.F90,ctsm_UnitTestFilterBuilder.F90,unittestFilterBuilderMod,ctsm_UnitTestFilterBuilder
99,/glade/scratch/negins/ctsm_0110/src/unit_test_shr,unittestUtils.F90,ctsm_UnitTestUtils.F90,unittestUtils,ctsm_UnitTestUtils
100,/glade/scratch/negins/ctsm_0110/src/unit_test_shr,unittestSubgridMod.F90,ctsm_UnitTestSubgrid.F90,unittestSubgridMod,ctsm_UnitTestSubgrid
101,/glade/scratch/negins/ctsm_0110/src/unit_test_shr,unittestGlcMec.F90,ctsm_UnitTestGlcMec.F90,unittestGlcMec,ctsm_UnitTestGlcMec
102,/glade/scratch/negins/ctsm_0110/src/unit_test_shr,unittestTimeManagerMod.F90,ctsm_UnitTestTimeManager.F90,unittestTimeManagerMod,ctsm_UnittestTimeManager
103,/glade/scratch/negins/ctsm_0110/src/unit_test_shr,unittestWaterTypeFactory.F90,ctsm_UnitTestWaterTypeFactory.F90,unittestWaterTypeFactory,ctsm_UnitTestWaterTypeFactory
104,/glade/scratch/negins/ctsm_0110/src/biogeochem,CNSharedParams.F90,ctsm_CNSharedParams.F90,CNSharedParams,ctsm_CNSharedParams
105,/glade/scratch/negins/ctsm_0110/src/biogeochem,EDBGCDyn.F90,ctsm_FatesBiogeochemDyn.F90,EDBGCDyn,ctsm_FatesBiogeochemDyn
106,/glade/scratch/negins/ctsm_0110/src/biogeochem,MEGANFactors.F90,ctsm_MeganFactors.F90,MEGANFactors,ctsm_MeganFactors
107,/glade/scratch/negins/ctsm_0110/src/biogeochem,DynConsBiogeochem.F90,ctsm_DynConsBiogeochem.F90,DynConsBiogeochem,ctsm_DynConsBiogeochem
108,/glade/scratch/negins/ctsm_0110/src/biogeochem,CNFireLi2014.F90,ctsm_CNFireLi2014.F90,CNFireLi2014,ctsm_CNFireLi2014
109,/glade/scratch/negins/ctsm_0110/src/biogeochem,CNRootDyn.F90,ctsm_CNRootDyn.F90,CNRootDyn,ctsm_CNRootDyn
110,/glade/scratch/negins/ctsm_0110/src/biogeochem,CNFireMethod.F90,ctsm_CNFireMethod.F90,CNFireMethod,ctsm_CNFireMethod
111,/glade/scratch/negins/ctsm_0110/src/biogeochem,CNFireEmissions.F90,ctsm_CNFireEmissions.F90,CNFireEmissions,ctsm_CNFireEmissions
112,/glade/scratch/negins/ctsm_0110/src/biogeochem,Ch4varcon.F90,ctsm_MethaneVarCon.F90,Ch4varcon,ctsm_MethaneVarCon
113,/glade/scratch/negins/ctsm_0110/src/biogeochem,CNPrecisionControl.F90,ctsm_CNPrecisionControl.F90,CNPrecisionControl,ctsm_CNPrecisionControl
114,/glade/scratch/negins/ctsm_0110/src/biogeochem,CNCStateUpdate2.F90,ctsm_CNCStateUpdate2.F90,CNCStateUpdate2,ctsm_CNCStateUpdate2
115,/glade/scratch/negins/ctsm_0110/src/biogeochem,SpeciesBaseType.F90,ctsm_SpeciesBaseType.F90,SpeciesBaseType,ctsm_SpeciesBaseType
116,/glade/scratch/negins/ctsm_0110/src/biogeochem,CNVegStateType.F90,ctsm_CNVegStateType.F90,CNVegStateType,ctsm_CNVegStateType
117,/glade/scratch/negins/ctsm_0110/src/biogeochem,Ch4.F90,ctsm_Methane.F90,Ch4,ctsm_Methane
118,/glade/scratch/negins/ctsm_0110/src/biogeochem,CNFireFactory.F90,ctsm_CNFireFactory.F90,CNFireFactory,ctsm_CNFireFactory
119,/glade/scratch/negins/ctsm_0110/src/biogeochem,FireEmisFactors.F90,ctsm_FireEmisFactors.F90,FireEmisFactors,ctsm_FireEmisFactors
120,/glade/scratch/negins/ctsm_0110/src/biogeochem,CNVegNitrogenFluxType.F90,ctsm_CNVegNitrogenFluxType.F90,CNVegNitrogenFluxType,ctsm_CNVegNitrogenFluxType
121,/glade/scratch/negins/ctsm_0110/src/biogeochem,CNVegStructUpdate.F90,ctsm_CNVegStructUpdate.F90,CNVegStructUpdate,ctsm_CNVegStructUpdate
122,/glade/scratch/negins/ctsm_0110/src/biogeochem,CNVegNitrogenStateType.F90,ctsm_CNVegNitrogenStateType.F90,CNVegNitrogenStateType,ctsm_CNVegNitrogenStateType
123,/glade/scratch/negins/ctsm_0110/src/biogeochem,DynCNDV.F90,ctsm_DynCNDV.F90,DynCNDV,ctsm_DynCNDV
124,/glade/scratch/negins/ctsm_0110/src/biogeochem,CNAnnualUpdate.F90,ctsm_CNAnnualUpdate.F90,CNAnnualUpdate,ctsm_CNAnnualUpdate
125,/glade/scratch/negins/ctsm_0110/src/biogeochem,CNVegCarbonStateType.F90,ctsm_CNVegCarbonStateType.F90,CNVegCarbonStateType,ctsm_CNVegCarbonStateType
126,/glade/scratch/negins/ctsm_0110/src/biogeochem,CNCStateUpdate3.F90,ctsm_CNCStateUpdate3.F90,CNCStateUpdate3,ctsm_CNCStateUpdate3
127,/glade/scratch/negins/ctsm_0110/src/biogeochem,SpeciesIsotopeType.F90,ctsm_SpeciesIsotopeType.F90,SpeciesIsotopeType,ctsm_SpeciesIsotopeType
128,/glade/scratch/negins/ctsm_0110/src/biogeochem,NutrientCompetitionFactory.F90,ctsm_NutrientCompetitionFactory.F90,NutrientCompetitionFactory,ctsm_NutrientCompetitionFactory
129,/glade/scratch/negins/ctsm_0110/src/biogeochem,CNVegCarbonFluxType.F90,ctsm_CNVegCarbonFluxType.F90,CNVegCarbonFluxType,ctsm_CNVegCarbonFluxType
130,/glade/scratch/negins/ctsm_0110/src/biogeochem,CNVegComputeSeed.F90,ctsm_CNVegComputeSeed.F90,CNVegComputeSeed,ctsm_CNVegComputeSeed
131,/glade/scratch/negins/ctsm_0110/src/biogeochem,CNFireNoFire.F90,ctsm_CNFireNoFire.F90,CNFireNoFire,ctsm_CNFireNoFire
132,/glade/scratch/negins/ctsm_0110/src/biogeochem,CNBalanceCheck.F90,ctsm_CNBalanceCheck.F90,CNBalanceCheck,ctsm_CNBalanceCheck
133,/glade/scratch/negins/ctsm_0110/src/biogeochem,CNVegetationFacade.F90,ctsm_CNVegetationFacade.F90,CNVegetationFacade,ctsm_CNVegetationFacade
134,/glade/scratch/negins/ctsm_0110/src/biogeochem,CNMResp.F90,ctsm_CNMaintResp.F90,CNMResp,ctsm_CNMaintResp
135,/glade/scratch/negins/ctsm_0110/src/biogeochem,CNNStateUpdate3.F90,ctsm_CNNStateUpdate3.F90,CNNStateUpdate3,ctsm_CNNStateUpdate3
136,/glade/scratch/negins/ctsm_0110/src/biogeochem,CNDVType.F90,ctsm_CNDVType.F90,CNDVType,ctsm_CNDVType
137,/glade/scratch/negins/ctsm_0110/src/biogeochem,CNFireLi2016.F90,ctsm_CNFireLi2016.F90,CNFireLi2016,ctsm_CNFireLi2016
138,/glade/scratch/negins/ctsm_0110/src/biogeochem,CNCIsoAtmTimeSeriesRead.F90,ctsm_CNCIsoAtmTimeSeriesRead.F90,CNCIsoAtmTimeSeriesRead,ctsm_CNCIsoAtmTimeSeriesRead
139,/glade/scratch/negins/ctsm_0110/src/biogeochem,CNSpecies.F90,ctsm_CNSpecies.F90,CNSpecies,ctsm_CNSpecies
140,/glade/scratch/negins/ctsm_0110/src/biogeochem,CNGResp.F90,ctsm_CNGrowthResp.F90,CNGResp,ctsm_CNGrowthResp
141,/glade/scratch/negins/ctsm_0110/src/biogeochem,CNFireBase.F90,ctsm_CNFireBase.F90,CNFireBase,ctsm_CNFireBase
142,/glade/scratch/negins/ctsm_0110/src/biogeochem,CNDVLight.F90,ctsm_CNDVLight.F90,CNDVLight,ctsm_CNDVLight
143,/glade/scratch/negins/ctsm_0110/src/biogeochem,CNNStateUpdate2.F90,ctsm_CNNStateUpdate2.F90,CNNStateUpdate2,ctsm_CNNStateUpdate2
144,/glade/scratch/negins/ctsm_0110/src/biogeochem,VOCEmission.F90,ctsm_VocEmission.F90,VOCEmission,ctsm_VocEmission
145,/glade/scratch/negins/ctsm_0110/src/biogeochem,NutrientCompetitionMethod.F90,ctsm_NutrientCompetitionMethod.F90,NutrientCompetitionMethod,ctsm_NutrientCompetitionMethod
146,/glade/scratch/negins/ctsm_0110/src/biogeochem,CNDriver.F90,ctsm_CNDriver.F90,CNDriver,ctsm_CNDriver
147,/glade/scratch/negins/ctsm_0110/src/biogeochem,CNCIsoFluxMod.F90,ctsm_CNCIsoFlux.F90,CNCIsoFluxMod,ctsm_CNCIsoFlux
148,/glade/scratch/negins/ctsm_0110/src/biogeochem,CNNDynamics.F90,ctsm_CNNDynamics.F90,CNNDynamics,ctsm_CNNDynamics
149,/glade/scratch/negins/ctsm_0110/src/biogeochem,CNPhenology.F90,ctsm_CNPhenology.F90,CNPhenology,ctsm_CNPhenology
150,/glade/scratch/negins/ctsm_0110/src/biogeochem,Ch4FInundatedStreamType.F90,ctsm_MethaneFInundatedStreamType.F90,Ch4FInundatedStreamType,ctsm_MethaneFInundatedStreamType
151,/glade/scratch/negins/ctsm_0110/src/biogeochem,CNC14Decay.F90,ctsm_CNC14Decay.F90,CNC14Decay,ctsm_CNC14Decay
152,/glade/scratch/negins/ctsm_0110/src/biogeochem,SatellitePhenology.F90,ctsm_SatellitePhenology.F90,SatellitePhenology,ctsm_SatellitePhenology
153,/glade/scratch/negins/ctsm_0110/src/biogeochem,DynHarvest.F90,ctsm_DynHarvest.F90,DynHarvest,ctsm_DynHarvest
154,/glade/scratch/negins/ctsm_0110/src/biogeochem,CNProducts.F90,ctsm_CNProducts.F90,CNProducts,ctsm_CNProducts
155,/glade/scratch/negins/ctsm_0110/src/biogeochem,NutrientCompetitionCLM45default.F90,ctsm_NutrientCompetitionPhys45.F90,NutrientCompetitionCLM45default,ctsm_NutrientCompetitionPhys45
156,/glade/scratch/negins/ctsm_0110/src/biogeochem,CNDVEstablishment.F90,ctsm_CNDVEstablishment.F90,CNDVEstablishment,ctsm_CNDVEstablishment
157,/glade/scratch/negins/ctsm_0110/src/biogeochem,CNCStateUpdate1.F90,ctsm_CNCStateUpdate1.F90,CNCStateUpdate1,ctsm_CNCStateUpdate1
158,/glade/scratch/negins/ctsm_0110/src/biogeochem,CNFUN.F90,ctsm_CNFun.F90,CNFUN,ctsm_CNFun
159,/glade/scratch/negins/ctsm_0110/src/biogeochem,SpeciesNonIsotopeType.F90,ctsm_SpeciesNonIsotopeType.F90,SpeciesNonIsotopeType,ctsm_SpeciesNonIsotopeType
160,/glade/scratch/negins/ctsm_0110/src/biogeochem,NutrientCompetitionFlexibleCN.F90,ctsm_NutrientCompetitionFlexibleCN.F90,NutrientCompetitionFlexibleCN,ctsm_NutrientCompetitionFlexibleCN
161,/glade/scratch/negins/ctsm_0110/src/biogeochem,CNNStateUpdate1.F90,ctsm_CNNStateUpdate1.F90,CNNStateUpdate1,ctsm_CNNStateUpdate1
162,/glade/scratch/negins/ctsm_0110/src/biogeochem,DUST.F90,ctsm_Dust.F90,DUST,ctsm_Dust
163,/glade/scratch/negins/ctsm_0110/src/biogeochem,DryDepVelocity.F90,ctsm_DryDepVelocity.F90,DryDepVelocity,ctsm_DryDepVelocity
164,/glade/scratch/negins/ctsm_0110/src/biogeochem,CNDVDriver.F90,ctsm_CNDVDriver.F90,CNDVDriver,ctsm_CNDVDriver
165,/glade/scratch/negins/ctsm_0110/src/biogeochem,CNGapMortality.F90,ctsm_CNGapMortality.F90,CNGapMortality,ctsm_CNGapMortality
166,/glade/scratch/negins/ctsm_0110/src/biogeochem,CropType.F90,ctsm_CropType.F90,CropType,ctsm_CropType
167,/glade/scratch/negins/ctsm_0110/src/init_interp,initInterpMultilevelBase.F90,ctsm_InitInterpMultiLevelBase.F90,initInterpMultilevelBase,ctsm_InitInterpMultiLevelBase
168,/glade/scratch/negins/ctsm_0110/src/init_interp,initInterpUtils.F90,ctsm_InitInterpUtils.F90,initInterpUtils,ctsm_InitInterpUtils
169,/glade/scratch/negins/ctsm_0110/src/init_interp,initInterpMultilevelSplit.F90,ctsm_InitInterpMultiLevelSplit.F90,initInterpMultilevelSplit,ctsm_InitInterpMultiLevelSplit
170,/glade/scratch/negins/ctsm_0110/src/init_interp,initInterpMultilevelSnow.F90,ctsm_InitInterpMultilevelSnow.F90,initInterpMultilevelSnow,ctsm_InitInterpMultilevelSnow
171,/glade/scratch/negins/ctsm_0110/src/init_interp,initInterpMultilevelContainer.F90,ctsm_InitInterpMultiLevelContainer.F90,initInterpMultilevelContainer,ctsm_InitInterpMultiLevelContainer
172,/glade/scratch/negins/ctsm_0110/src/init_interp,initInterp.F90,ctsm_InitInterp.F90,initInterp,ctsm_InitInterp
173,/glade/scratch/negins/ctsm_0110/src/init_interp,initInterpBounds.F90,ctsm_InitInterpBounds.F90,initInterpBounds,ctsm_InitInterpBounds
174,/glade/scratch/negins/ctsm_0110/src/init_interp,initInterpMultilevelCopy.F90,ctsm_InitInterpMultiLevelCopy.F90,initInterpMultilevelCopy,ctsm_InitInterpMultiLevelCopy
175,/glade/scratch/negins/ctsm_0110/src/init_interp,initInterp1dData.F90,ctsm_InitInterp1dData.F90,initInterp1dData,ctsm_InitInterp1dData
176,/glade/scratch/negins/ctsm_0110/src/init_interp,initInterpMultilevelInterp.F90,ctsm_InitInterpMultiLevelInterp.F90,initInterpMultilevelInterp,ctsm_InitInterpMultiLevelInterp
177,/glade/scratch/negins/ctsm_0110/src/init_interp,initInterpMindist.F90,ctsm_InitInterpMinDist.F90,initInterpMindist,ctsm_InitInterpMindist
178,/glade/scratch/negins/ctsm_0110/src/init_interp/test/initInterpMultilevel_test,multilevel_interp_factory.F90,ctsm_MultiLevelInterpFactory.F90,multilevel_interp_factory,ctsm_MultiLevelInterpFactory
179,/glade/scratch/negins/ctsm_0110/src/biogeophys,SurfaceHumidityMod.F90,ctsm_SurfaceHumidity.F90,SurfaceHumidityMod,ctsm_SurfaceHumidity
180,/glade/scratch/negins/ctsm_0110/src/biogeophys,UrbanRadiationMod.F90,ctsm_UrbanRadiation.F90,UrbanRadiationMod,ctsm_UrbanRadiation
181,/glade/scratch/negins/ctsm_0110/src/biogeophys,SoilWaterPlantSinkMod.F90,ctsm_SoilWaterPlantSink.F90,SoilWaterPlantSinkMod,ctsm_SoilWaterPlantSink
182,/glade/scratch/negins/ctsm_0110/src/biogeophys,SurfaceWaterMod.F90,ctsm_SurfaceWater.F90,SurfaceWaterMod,ctsm_SurfaceWater
183,/glade/scratch/negins/ctsm_0110/src/biogeophys,ActiveLayerMod.F90,ctsm_ActiveLayer.F90,ActiveLayerMod,ctsm_ActiveLayer
184,/glade/scratch/negins/ctsm_0110/src/biogeophys,BareGroundFluxesMod.F90,ctsm_BareGroundFluxes.F90,BareGroundFluxesMod,ctsm_BareGroundFluxes
185,/glade/scratch/negins/ctsm_0110/src/biogeophys,SoilWaterRetentionCurveVanGenuchten1980Mod.F90,ctsm_SoilWaterRetentionCurveVanGenuchten1980.F90,SoilWaterRetentionCurveVanGenuchten1980Mod,ctsm_SoilWaterRetentionCurveVanGenuchten1980
186,/glade/scratch/negins/ctsm_0110/src/biogeophys,LunaMod.F90,ctsm_Luna.F90,LunaMod,ctsm_Luna
187,/glade/scratch/negins/ctsm_0110/src/biogeophys,SoilStateInitTimeConstMod.F90,ctsm_SoilStateInitTimeConst.F90,SoilStateInitTimeConstMod,ctsm_SoilStateInitTimeConst
188,/glade/scratch/negins/ctsm_0110/src/biogeophys,SoilFluxesMod.F90,ctsm_SoilFluxes.F90,SoilFluxesMod,ctsm_SoilFluxes
189,/glade/scratch/negins/ctsm_0110/src/biogeophys,CanopyHydrologyMod.F90,ctsm_CanopyHydrology.F90,CanopyHydrologyMod,ctsm_CanopyHydrology
190,/glade/scratch/negins/ctsm_0110/src/biogeophys,OzoneOffMod.F90,ctsm_OzoneOff.F90,OzoneOffMod,ctsm_OzoneOff
191,/glade/scratch/negins/ctsm_0110/src/biogeophys,WaterStateType.F90,ctsm_WaterStateType.F90,WaterStateType,ctsm_WaterStateType
192,/glade/scratch/negins/ctsm_0110/src/biogeophys,InfiltrationExcessRunoffMod.F90,ctsm_InfiltrationExcessRunoff.F90,InfiltrationExcessRunoffMod,ctsm_InfiltrationExcessRunoff
193,/glade/scratch/negins/ctsm_0110/src/biogeophys,SnowHydrologyMod.F90,ctsm_SnowHydrology.F90,SnowHydrologyMod,ctsm_SnowHydrology
194,/glade/scratch/negins/ctsm_0110/src/biogeophys,BiogeophysPreFluxCalcsMod.F90,ctsm_BiogeophysPreFluxCalcs.F90,BiogeophysPreFluxCalcsMod,ctsm_BiogeophysPreFluxCalcs
195,/glade/scratch/negins/ctsm_0110/src/biogeophys,OzoneBaseMod.F90,ctsm_OzoneBase.F90,OzoneBaseMod,ctsm_OzoneBase
196,/glade/scratch/negins/ctsm_0110/src/biogeophys,UrbanFluxesMod.F90,ctsm_UrbanFluxes.F90,UrbanFluxesMod,ctsm_UrbanFluxes
197,/glade/scratch/negins/ctsm_0110/src/biogeophys,SoilWaterRetentionCurveClappHornberg1978Mod.F90,ctsm_SoilWaterRetentionCurveClappHornberg1978.F90,SoilWaterRetentionCurveClappHornberg1978Mod,ctsm_SoilWaterRetentionCurveClappHornberg1978
198,/glade/scratch/negins/ctsm_0110/src/biogeophys,SurfaceAlbedoType.F90,ctsm_SurfaceAlbedoType.F90,SurfaceAlbedoType,ctsm_SurfaceAlbedoType
199,/glade/scratch/negins/ctsm_0110/src/biogeophys,LakeTemperatureMod.F90,ctsm_LakeTemperature.F90,LakeTemperatureMod,ctsm_LakeTemperature
200,/glade/scratch/negins/ctsm_0110/src/biogeophys,SoilWaterRetentionCurveFactoryMod.F90,ctsm_SoilWaterRetentionCurveFactory.F90,SoilWaterRetentionCurveFactoryMod,ctsm_SoilWaterRetentionCurveFactory
201,/glade/scratch/negins/ctsm_0110/src/biogeophys,WaterInfoTracerType.F90,ctsm_WaterInfoTracerType.F90,WaterInfoTracerType,ctsm_WaterInfoTracerType
202,/glade/scratch/negins/ctsm_0110/src/biogeophys,SnowCoverFractionSwensonLawrence2012Mod.F90,ctsm_SnowCoverFractionSwensonLawrence2012.F90,SnowCoverFractionSwensonLawrence2012Mod,ctsm_SnowCoverFractionSwensonLawrence2012
203,/glade/scratch/negins/ctsm_0110/src/biogeophys,SnowCoverFractionNiuYang2007Mod.F90,ctsm_SnowCoverFractionNiuYang2007.F90,SnowCoverFractionNiuYang2007Mod,ctsm_SnowCoverFractionNiuYang2007
204,/glade/scratch/negins/ctsm_0110/src/biogeophys,WaterInfoIsotopeType.F90,ctsm_WaterInfoIsotopeType.F90,WaterInfoIsotopeType,ctsm_WaterInfoIsotopeType
205,/glade/scratch/negins/ctsm_0110/src/biogeophys,WaterTracerContainerType.F90,ctsm_WaterTracerContainerType.F90,WaterTracerContainerType,ctsm_WaterTracerContainerType
206,/glade/scratch/negins/ctsm_0110/src/biogeophys,SolarAbsorbedType.F90,ctsm_SolarAbsorbedType.F90,SolarAbsorbedType,ctsm_SolarAbsorbedType
207,/glade/scratch/negins/ctsm_0110/src/biogeophys,CanopyFluxesMod.F90,ctsm_CanopyFluxes.F90,CanopyFluxesMod,ctsm_CanopyFluxes
208,/glade/scratch/negins/ctsm_0110/src/biogeophys,Wateratm2lndBulkType.F90,ctsm_WaterAtm2LndBulkType.F90,Wateratm2lndBulkType,ctsm_WaterAtm2LndBulkType
209,/glade/scratch/negins/ctsm_0110/src/biogeophys,LakeFluxesMod.F90,ctsm_LakeFluxes.F90,LakeFluxesMod,ctsm_LakeFluxes
210,/glade/scratch/negins/ctsm_0110/src/biogeophys,SoilTemperatureMod.F90,ctsm_SoilTemperature.F90,SoilTemperatureMod,ctsm_SoilTemperature
211,/glade/scratch/negins/ctsm_0110/src/biogeophys,WaterTracerUtils.F90,ctsm_WaterTracerUtils.F90,WaterTracerUtils,ctsm_WaterTracerUtils
212,/glade/scratch/negins/ctsm_0110/src/biogeophys,SoilHydrologyInitTimeConstMod.F90,ctsm_SoilHydrologyInitTimeConst.F90,SoilHydrologyInitTimeConstMod,ctsm_SoilHydrologyInitTimeConst
213,/glade/scratch/negins/ctsm_0110/src/biogeophys,SurfaceRadiationMod.F90,ctsm_SurfaceRadiation.F90,SurfaceRadiationMod,ctsm_SurfaceRadiation
214,/glade/scratch/negins/ctsm_0110/src/biogeophys,WaterFluxBulkType.F90,ctsm_WaterFluxBulkType.F90,WaterFluxBulkType,ctsm_WaterFluxBulkType
215,/glade/scratch/negins/ctsm_0110/src/biogeophys,AerosolMod.F90,ctsm_Aerosol.F90,AerosolMod,ctsm_Aerosol
216,/glade/scratch/negins/ctsm_0110/src/biogeophys,LakeHydrologyMod.F90,ctsm_LakeHydrology.F90,LakeHydrologyMod,ctsm_LakeHydrology
217,/glade/scratch/negins/ctsm_0110/src/biogeophys,WaterDiagnosticBulkType.F90,ctsm_WaterDiagnosticBulkType.F90,WaterDiagnosticBulkType,ctsm_WaterDiagnosticBulkType
218,/glade/scratch/negins/ctsm_0110/src/biogeophys,LakeStateType.F90,ctsm_LakeStateType.F90,LakeStateType,ctsm_LakeStateType
219,/glade/scratch/negins/ctsm_0110/src/biogeophys,SoilHydrologyMod.F90,ctsm_SoilHydrology.F90,SoilHydrologyMod,ctsm_SoilHydrology
220,/glade/scratch/negins/ctsm_0110/src/biogeophys,HydrologyDrainageMod.F90,ctsm_HydrologyDrainage.F90,HydrologyDrainageMod,ctsm_HydrologyDrainage
221,/glade/scratch/negins/ctsm_0110/src/biogeophys,SoilWaterRetentionCurveMod.F90,ctsm_SoilWaterRetentionCurve.F90,SoilWaterRetentionCurveMod,ctsm_SoilWaterRetentionCurve
222,/glade/scratch/negins/ctsm_0110/src/biogeophys,WaterStateBulkType.F90,ctsm_WaterStateBulkType.F90,WaterStateBulkType,ctsm_WaterStateBulkType
223,/glade/scratch/negins/ctsm_0110/src/biogeophys,DaylengthMod.F90,ctsm_DayLength.F90,DaylengthMod,ctsm_DayLength
224,/glade/scratch/negins/ctsm_0110/src/biogeophys,WaterInfoBulkType.F90,ctsm_WaterInfoBulkType.F90,WaterInfoBulkType,ctsm_WaterInfoBulkType
225,/glade/scratch/negins/ctsm_0110/src/biogeophys,CanopyStateType.F90,ctsm_CanopyStateType.F90,CanopyStateType,ctsm_CanopyStateType
226,/glade/scratch/negins/ctsm_0110/src/biogeophys,UrbanTimeVarType.F90,ctsm_UrbanTimeVarType.F90,UrbanTimeVarType,ctsm_UrbanTimeVarType
227,/glade/scratch/negins/ctsm_0110/src/biogeophys,SoilStateType.F90,ctsm_SoilStateType.F90,SoilStateType,ctsm_SoilStateType
228,/glade/scratch/negins/ctsm_0110/src/biogeophys,WaterDiagnosticType.F90,ctsm_WaterDiagnosticType.F90,WaterDiagnosticType,ctsm_WaterDiagnosticType
229,/glade/scratch/negins/ctsm_0110/src/biogeophys,TridiagonalMod.F90,ctsm_Tridiagonal.F90,TridiagonalMod,ctsm_Tridiagonal
230,/glade/scratch/negins/ctsm_0110/src/biogeophys,FrictionVelocityMod.F90,ctsm_FrictionVelocity.F90,FrictionVelocityMod,ctsm_FrictionVelocity
231,/glade/scratch/negins/ctsm_0110/src/biogeophys,WaterInfoBaseType.F90,ctsm_WaterInfoBaseType.F90,WaterInfoBaseType,ctsm_WaterInfoBaseType
232,/glade/scratch/negins/ctsm_0110/src/biogeophys,UrbanParamsType.F90,ctsm_UrbanParamsType.F90,UrbanParamsType,ctsm_UrbanParamsType
233,/glade/scratch/negins/ctsm_0110/src/biogeophys,Waterlnd2atmType.F90,ctsm_WaterLnd2AtmType.F90,Waterlnd2atmType,ctsm_WaterLnd2AtmType
234,/glade/scratch/negins/ctsm_0110/src/biogeophys,HumanIndexMod.F90,ctsm_HumanIndex.F90,HumanIndexMod,ctsm_HumanIndex
235,/glade/scratch/negins/ctsm_0110/src/biogeophys,SnowCoverFractionFactoryMod.F90,ctsm_SnowCoverFractionFactory.F90,SnowCoverFractionFactoryMod,ctsm_SnowCoverFractionFactory
236,/glade/scratch/negins/ctsm_0110/src/biogeophys,IrrigationMod.F90,ctsm_Irrigation.F90,IrrigationMod,ctsm_Irrigation
237,/glade/scratch/negins/ctsm_0110/src/biogeophys,OzoneMod.F90,ctsm_Ozone.F90,OzoneMod,ctsm_Ozone
238,/glade/scratch/negins/ctsm_0110/src/biogeophys,BandDiagonalMod.F90,ctsm_BandDiagonal.F90,BandDiagonalMod,ctsm_BandDiagonal
239,/glade/scratch/negins/ctsm_0110/src/biogeophys,GlacierSurfaceMassBalanceMod.F90,ctsm_GlacierSurfaceMassBalance.F90,GlacierSurfaceMassBalanceMod,ctsm_GlacierSurfaceMassBalance
240,/glade/scratch/negins/ctsm_0110/src/biogeophys,UrbanAlbedoMod.F90,ctsm_UrbanAlbedo.F90,UrbanAlbedoMod,ctsm_UrbanAlbedo
241,/glade/scratch/negins/ctsm_0110/src/biogeophys,Wateratm2lndType.F90,ctsm_WaterAtm2LndType.F90,Wateratm2lndType,ctsm_Wateratm2lndType
242,/glade/scratch/negins/ctsm_0110/src/biogeophys,TemperatureType.F90,ctsm_TemperatureType.F90,TemperatureType,ctsm_TemperatureType
243,/glade/scratch/negins/ctsm_0110/src/biogeophys,WaterType.F90,ctsm_WaterType.F90,WaterType,ctsm_WaterType
244,/glade/scratch/negins/ctsm_0110/src/biogeophys,SurfaceAlbedoMod.F90,ctsm_SurfaceAlbedo.F90,SurfaceAlbedoMod,ctsm_SurfaceAlbedo
245,/glade/scratch/negins/ctsm_0110/src/biogeophys,SnowCoverFractionBaseMod.F90,ctsm_SnowCoverFractionBase.F90,SnowCoverFractionBaseMod,ctsm_SnowCoverFractionBase
246,/glade/scratch/negins/ctsm_0110/src/biogeophys,OzoneFactoryMod.F90,ctsm_OzoneFactory.F90,OzoneFactoryMod,ctsm_OzoneFactory
247,/glade/scratch/negins/ctsm_0110/src/biogeophys,BalanceCheckMod.F90,ctsm_BalanceCheck.F90,BalanceCheckMod,ctsm_BalanceCheck
248,/glade/scratch/negins/ctsm_0110/src/biogeophys,RootBiophysMod.F90,ctsm_RootBiophys.F90,RootBiophysMod,ctsm_RootBiophys
249,/glade/scratch/negins/ctsm_0110/src/biogeophys,SoilHydrologyType.F90,ctsm_SoilHydrologyType.F90,SoilHydrologyType,ctsm_SoilHydrologyType
250,/glade/scratch/negins/ctsm_0110/src/biogeophys,Waterlnd2atmBulkType.F90,ctsm_WaterLnd2AtmBulkType.F90,Waterlnd2atmBulkType,ctsm_Waterlnd2atmBulkType
251,/glade/scratch/negins/ctsm_0110/src/biogeophys,EnergyFluxType.F90,ctsm_EnergyFluxType.F90,EnergyFluxType,ctsm_EnergyFluxType
252,/glade/scratch/negins/ctsm_0110/src/biogeophys,PhotosynthesisMod.F90,ctsm_Photosynthesis.F90,PhotosynthesisMod,ctsm_Photosynthesis
253,/glade/scratch/negins/ctsm_0110/src/biogeophys,SoilMoistStressMod.F90,ctsm_SoilMoistStress.F90,SoilMoistStressMod,ctsm_SoilMoistStress
254,/glade/scratch/negins/ctsm_0110/src/biogeophys,TotalWaterAndHeatMod.F90,ctsm_TotalWaterAndHeat.F90,TotalWaterAndHeatMod,ctsm_TotalWaterAndHeat
255,/glade/scratch/negins/ctsm_0110/src/biogeophys,LakeCon.F90,ctsm_LakeCon.F90,LakeCon,ctsm_LakeCon
256,/glade/scratch/negins/ctsm_0110/src/biogeophys,QSatMod.F90,ctsm_QSat.F90,QSatMod,ctsm_QSat
257,/glade/scratch/negins/ctsm_0110/src/biogeophys,SurfaceResistanceMod.F90,ctsm_SurfaceResistance.F90,SurfaceResistanceMod,ctsm_SurfaceResistance
258,/glade/scratch/negins/ctsm_0110/src/biogeophys,SaturatedExcessRunoffMod.F90,ctsm_SaturatedExcessRunoff.F90,SaturatedExcessRunoffMod,ctsm_SaturatedExcessRunoff
259,/glade/scratch/negins/ctsm_0110/src/biogeophys,WaterBalanceType.F90,ctsm_WaterBalanceType.F90,WaterBalanceType,ctsm_WaterBalanceType
260,/glade/scratch/negins/ctsm_0110/src/biogeophys,UrbBuildTempOleson2015Mod.F90,ctsm_UrbanBuildTempOleson2015.F90,UrbBuildTempOleson2015Mod,ctsm_UrbanBuildTempOleson2015
261,/glade/scratch/negins/ctsm_0110/src/biogeophys,HydrologyNoDrainageMod.F90,ctsm_HydrologyNoDrainage.F90,HydrologyNoDrainageMod,ctsm_HydrologyNoDrainage
262,/glade/scratch/negins/ctsm_0110/src/biogeophys,SnowSnicarMod.F90,ctsm_SnowSnicar.F90,SnowSnicarMod,ctsm_SnowSnicar
263,/glade/scratch/negins/ctsm_0110/src/biogeophys,SoilWaterMovementMod.F90,ctsm_SoilWaterMovement.F90,SoilWaterMovementMod,ctsm_SoilWaterMovement
264,/glade/scratch/negins/ctsm_0110/src/biogeophys,WaterFluxType.F90,ctsm_WaterFluxType.F90,WaterFluxType,ctsm_WaterFluxType
265,/glade/scratch/negins/ctsm_0110/src/dyn_subgrid,dynPriorWeightsMod.F90,ctsm_DynPriorWeights.F90,dynPriorWeightsMod,ctsm_DynPriorWeights
266,/glade/scratch/negins/ctsm_0110/src/dyn_subgrid,dynTimeInfoMod.F90,ctsm_DynTimeInfo.F90,dynTimeInfoMod,ctsm_DynTimeInfo
267,/glade/scratch/negins/ctsm_0110/src/dyn_subgrid,dynLandunitAreaMod.F90,ctsm_DynLandunitArea.F90,dynLandunitAreaMod,ctsm_DynLandunitArea
268,/glade/scratch/negins/ctsm_0110/src/dyn_subgrid,dynpftFileMod.F90,ctsm_DynPftFile.F90,dynpftFileMod,ctsm_DynPftFile
269,/glade/scratch/negins/ctsm_0110/src/dyn_subgrid,dynInitColumnsMod.F90,ctsm_DynInitColumns.F90,dynInitColumnsMod,ctsm_DynInitColumns
270,/glade/scratch/negins/ctsm_0110/src/dyn_subgrid,dynColumnTemplateMod.F90,ctsm_DynColumnTemplate.F90,dynColumnTemplateMod,ctsm_DynColumnTemplate
271,/glade/scratch/negins/ctsm_0110/src/dyn_subgrid,dynSubgridDriverMod.F90,ctsm_DynSubgridDriver.F90,dynSubgridDriverMod,ctsm_DynSubgridDriver
272,/glade/scratch/negins/ctsm_0110/src/dyn_subgrid,dynSubgridControlMod.F90,ctsm_DynSubgridControl.F90,dynSubgridControlMod,ctsm_DynSubgridControl
273,/glade/scratch/negins/ctsm_0110/src/dyn_subgrid,dyncropFileMod.F90,ctsm_DynCropFile.F90,dyncropFileMod,ctsm_DynCropFile
274,/glade/scratch/negins/ctsm_0110/src/dyn_subgrid,dynPatchStateUpdaterMod.F90,ctsm_DynPatchStateUpdater.F90,dynPatchStateUpdaterMod,ctsm_DynPatchStateUpdater
275,/glade/scratch/negins/ctsm_0110/src/dyn_subgrid,dynEDMod.F90,ctsm_DynFates.F90,dynEDMod,ctsm_DynFates
276,/glade/scratch/negins/ctsm_0110/src/dyn_subgrid,dynConsBiogeophysMod.F90,ctsm_DynConsBiogeophys.F90,dynConsBiogeophysMod,ctsm_DynConsBiogeophys
277,/glade/scratch/negins/ctsm_0110/src/dyn_subgrid,dynFileMod.F90,ctsm_DynFile.F90,dynFileMod,ctsm_DynFile
278,/glade/scratch/negins/ctsm_0110/src/dyn_subgrid,dynColumnStateUpdaterMod.F90,ctsm_DynColumnStateUpdater.F90,dynColumnStateUpdaterMod,ctsm_DynColumnStateUpdater
279,/glade/scratch/negins/ctsm_0110/src/dyn_subgrid/test/dynVar_test,test_dynVarShared.F90,ctsm_TestDynVarShared.F90,test_dynVarShared,ctsm_TestDynVarShared